motif,firstname,lastname,call_number,date
motif,firstname,lastname,call_number,date
kjhgf,diop,fat,776587655,2026-03-01 00:00:00
fhjjj,diop,fat,776587655,2026-03-02 00:00:00
fhjjj,diop,fat,776587655,2026-03-01 00:00:00
fhjjj,diop,fat,776587655,2026-03-01 00:00:00
fhjjj,diop,fat,776587655,2026-03-01 00:00:00
fhjjj,diop,fat,776587655,2026-03-01 00:00:00
fhjjj,diop,fat,776587655,2026-03-01 00:00:00
fhjjj,diop,fat,776587655,2026-03-01 00:00:00
fhjjj,diop,fat,776587655,2026-03-01 00:00:00
fhjjj,diop,fat,776587655,2001-03-26 00:00:00
fhjjj,diop,fat,776587655,2001-03-26 00:00:00
fhjjj,diop,fat,776587655,2001-03-26 00:00:00
dfghj,Arame,DIENG,221778909907,2026-03-01 00:00:00
dfghj,Arame,DIENG,221778909907,2026-03-01 00:00:00
dfghj,Arame,DIENG,221778909907,2026-03-01 00:00:00
dfghj,Arame,DIENG,221778909907,2026-03-01 00:00:00
dfghj,Arame,DIENG,221778909907,2026-03-01 00:00:00
dfghj,Arame,DIENG,221778909907,2026-03-01 00:00:00
dfghj,Arame,DIENG,221778909907,2026-03-01 00:00:00
dfghj,Arame,DIENG,221778909907,2026-03-01 00:00:00
dfghj,Arame,DIENG,221778909907,2026-05-01 00:00:00
dfghj,Arame,DIENG,221778909907,2026-05-01 00:00:00
dfghj,Arame,DIENG,221778909907,2026-05-01 00:00:00
dfghj,Arame,DIENG,221778909907,2026-05-01 00:00:00
